<?xml version="1.0" encoding="ISO-8859-1" ?>
<link_info>
   <banner>TI ARM Linker Unix v20.2.7.LTS</banner>
   <copyright>Copyright (c) 1996-2018 Texas Instruments Incorporated</copyright>
   <link_time>0x6442ce3f</link_time>
   <link_errors>0x0</link_errors>
   <output_file>LCD_MSP432.out</output_file>
   <entry_point>
      <name>_c_int00_noargs</name>
      <address>0xa61</address>
   </entry_point>
   <input_file_list>
      <input_file id="fl-1">
         <path>./</path>
         <kind>object</kind>
         <file>ADC14.obj</file>
         <name>ADC14.obj</name>
      </input_file>
      <input_file id="fl-2">
         <path>./</path>
         <kind>object</kind>
         <file>LCD.obj</file>
         <name>LCD.obj</name>
      </input_file>
      <input_file id="fl-3">
         <path>./</path>
         <kind>object</kind>
         <file>SysTickInts.obj</file>
         <name>SysTickInts.obj</name>
      </input_file>
      <input_file id="fl-4">
         <path>./</path>
         <kind>object</kind>
         <file>Timer32.obj</file>
         <name>Timer32.obj</name>
      </input_file>
      <input_file id="fl-5">
         <path>./</path>
         <kind>object</kind>
         <file>main.obj</file>
         <name>main.obj</name>
      </input_file>
      <input_file id="fl-6">
         <path>./</path>
         <kind>object</kind>
         <file>msp432_startup_ccs.obj</file>
         <name>msp432_startup_ccs.obj</name>
      </input_file>
      <input_file id="fl-a">
         <kind>object</kind>
         <file>&lt;internal&gt;</file>
         <name>&lt;internal&gt;</name>
      </input_file>
      <input_file id="fl-c0">
         <path>/Applications/ti/ccs1210/ccs/tools/compiler/ti-cgt-arm_20.2.7.LTS/lib/</path>
         <kind>archive</kind>
         <file>rtsv7M4_T_le_v4SPD16_eabi.lib</file>
         <name>fd_mul_t2.asm.obj</name>
      </input_file>
      <input_file id="fl-c1">
         <path>/Applications/ti/ccs1210/ccs/tools/compiler/ti-cgt-arm_20.2.7.LTS/lib/</path>
         <kind>archive</kind>
         <file>rtsv7M4_T_le_v4SPD16_eabi.lib</file>
         <name>fd_tou_t2.asm.obj</name>
      </input_file>
      <input_file id="fl-c2">
         <path>/Applications/ti/ccs1210/ccs/tools/compiler/ti-cgt-arm_20.2.7.LTS/lib/</path>
         <kind>archive</kind>
         <file>rtsv7M4_T_le_v4SPD16_eabi.lib</file>
         <name>u_tofd_t2.asm.obj</name>
      </input_file>
      <input_file id="fl-c3">
         <path>/Applications/ti/ccs1210/ccs/tools/compiler/ti-cgt-arm_20.2.7.LTS/lib/</path>
         <kind>archive</kind>
         <file>rtsv7M4_T_le_v4SPD16_eabi.lib</file>
         <name>copy_zero_init.c.obj</name>
      </input_file>
      <input_file id="fl-c4">
         <path>/Applications/ti/ccs1210/ccs/tools/compiler/ti-cgt-arm_20.2.7.LTS/lib/</path>
         <kind>archive</kind>
         <file>rtsv7M4_T_le_v4SPD16_eabi.lib</file>
         <name>copy_decompress_none.c.obj</name>
      </input_file>
      <input_file id="fl-c5">
         <path>/Applications/ti/ccs1210/ccs/tools/compiler/ti-cgt-arm_20.2.7.LTS/lib/</path>
         <kind>archive</kind>
         <file>rtsv7M4_T_le_v4SPD16_eabi.lib</file>
         <name>copy_decompress_lzss.c.obj</name>
      </input_file>
      <input_file id="fl-c6">
         <path>/Applications/ti/ccs1210/ccs/tools/compiler/ti-cgt-arm_20.2.7.LTS/lib/</path>
         <kind>archive</kind>
         <file>rtsv7M4_T_le_v4SPD16_eabi.lib</file>
         <name>boot_cortex_m.c.obj</name>
      </input_file>
      <input_file id="fl-c7">
         <path>/Applications/ti/ccs1210/ccs/tools/compiler/ti-cgt-arm_20.2.7.LTS/lib/</path>
         <kind>archive</kind>
         <file>rtsv7M4_T_le_v4SPD16_eabi.lib</file>
         <name>memcpy_t2.asm.obj</name>
      </input_file>
      <input_file id="fl-c8">
         <path>/Applications/ti/ccs1210/ccs/tools/compiler/ti-cgt-arm_20.2.7.LTS/lib/</path>
         <kind>archive</kind>
         <file>rtsv7M4_T_le_v4SPD16_eabi.lib</file>
         <name>memset_t2.asm.obj</name>
      </input_file>
      <input_file id="fl-c9">
         <path>/Applications/ti/ccs1210/ccs/tools/compiler/ti-cgt-arm_20.2.7.LTS/lib/</path>
         <kind>archive</kind>
         <file>rtsv7M4_T_le_v4SPD16_eabi.lib</file>
         <name>autoinit.c.obj</name>
      </input_file>
      <input_file id="fl-ca">
         <path>/Applications/ti/ccs1210/ccs/tools/compiler/ti-cgt-arm_20.2.7.LTS/lib/</path>
         <kind>archive</kind>
         <file>rtsv7M4_T_le_v4SPD16_eabi.lib</file>
         <name>pre_init.c.obj</name>
      </input_file>
      <input_file id="fl-cb">
         <path>/Applications/ti/ccs1210/ccs/tools/compiler/ti-cgt-arm_20.2.7.LTS/lib/</path>
         <kind>archive</kind>
         <file>rtsv7M4_T_le_v4SPD16_eabi.lib</file>
         <name>cpy_tbl.c.obj</name>
      </input_file>
      <input_file id="fl-cc">
         <path>/Applications/ti/ccs1210/ccs/tools/compiler/ti-cgt-arm_20.2.7.LTS/lib/</path>
         <kind>archive</kind>
         <file>rtsv7M4_T_le_v4SPD16_eabi.lib</file>
         <name>exit.c.obj</name>
      </input_file>
      <input_file id="fl-cd">
         <path>/Applications/ti/ccs1210/ccs/tools/compiler/ti-cgt-arm_20.2.7.LTS/lib/</path>
         <kind>archive</kind>
         <file>rtsv7M4_T_le_v4SPD16_eabi.lib</file>
         <name>_lock.c.obj</name>
      </input_file>
      <input_file id="fl-ce">
         <path>/Applications/ti/ccs1210/ccs/tools/compiler/ti-cgt-arm_20.2.7.LTS/lib/</path>
         <kind>archive</kind>
         <file>rtsv7M4_T_le_v4SPD16_eabi.lib</file>
         <name>args_main.c.obj</name>
      </input_file>
   </input_file_list>
   <object_component_list>
      <object_component id="oc-13">
         <name>.intvecs</name>
         <load_address>0x0</load_address>
         <run_address>0x0</run_address>
         <size>0x144</size>
         <input_file_ref idref="fl-6"/>
      </object_component>
      <object_component id="oc-e8">
         <name>.text</name>
         <load_address>0x144</load_address>
         <run_address>0x144</run_address>
         <size>0x4e4</size>
         <input_file_ref idref="fl-2"/>
      </object_component>
      <object_component id="oc-f3">
         <name>.text</name>
         <load_address>0x628</load_address>
         <run_address>0x628</run_address>
         <size>0xfc</size>
         <input_file_ref idref="fl-c0"/>
      </object_component>
      <object_component id="oc-75">
         <name>.text</name>
         <load_address>0x724</load_address>
         <run_address>0x724</run_address>
         <size>0xb4</size>
         <input_file_ref idref="fl-1"/>
      </object_component>
      <object_component id="oc-28">
         <name>.text</name>
         <load_address>0x7d8</load_address>
         <run_address>0x7d8</run_address>
         <size>0x9a</size>
         <input_file_ref idref="fl-6"/>
      </object_component>
      <object_component id="oc-2e">
         <name>.text</name>
         <load_address>0x874</load_address>
         <run_address>0x874</run_address>
         <size>0x88</size>
         <input_file_ref idref="fl-3"/>
      </object_component>
      <object_component id="oc-b1">
         <name>.text</name>
         <load_address>0x8fc</load_address>
         <run_address>0x8fc</run_address>
         <size>0x78</size>
         <input_file_ref idref="fl-5"/>
      </object_component>
      <object_component id="oc-fd">
         <name>.text</name>
         <load_address>0x974</load_address>
         <run_address>0x974</run_address>
         <size>0x64</size>
         <input_file_ref idref="fl-4"/>
      </object_component>
      <object_component id="oc-110">
         <name>.text:__TI_auto_init_nobinit_nopinit:__TI_auto_init_nobinit_nopinit</name>
         <load_address>0x9d8</load_address>
         <run_address>0x9d8</run_address>
         <size>0x44</size>
         <input_file_ref idref="fl-c9"/>
      </object_component>
      <object_component id="oc-f8">
         <name>.text</name>
         <load_address>0xa1c</load_address>
         <run_address>0xa1c</run_address>
         <size>0x44</size>
         <input_file_ref idref="fl-c1"/>
      </object_component>
      <object_component id="oc-60">
         <name>.text:_c_int00_noargs:_c_int00_noargs</name>
         <load_address>0xa60</load_address>
         <run_address>0xa60</run_address>
         <size>0x34</size>
         <input_file_ref idref="fl-c6"/>
      </object_component>
      <object_component id="oc-ee">
         <name>.text</name>
         <load_address>0xa94</load_address>
         <run_address>0xa94</run_address>
         <size>0x20</size>
         <input_file_ref idref="fl-c2"/>
      </object_component>
      <object_component id="oc-4e">
         <name>.text:decompress:ZI:__TI_zero_init_nomemset:__TI_zero_init_nomemset</name>
         <load_address>0xab4</load_address>
         <run_address>0xab4</run_address>
         <size>0x1c</size>
         <input_file_ref idref="fl-c3"/>
      </object_component>
      <object_component id="oc-ab">
         <name>.text:_system_pre_init</name>
         <load_address>0xad0</load_address>
         <run_address>0xad0</run_address>
         <size>0x4</size>
         <input_file_ref idref="fl-ca"/>
      </object_component>
      <object_component id="oc-104">
         <name>.text:abort:abort</name>
         <load_address>0xad4</load_address>
         <run_address>0xad4</run_address>
         <size>0x4</size>
         <input_file_ref idref="fl-cc"/>
      </object_component>
      <object_component id="oc-1cd">
         <name>.cinit..bss.load</name>
         <load_address>0xad8</load_address>
         <run_address>0xad8</run_address>
         <size>0x8</size>
      </object_component>
      <object_component id="oc-1cb">
         <name>__TI_handler_table</name>
         <load_address>0xae0</load_address>
         <run_address>0xae0</run_address>
         <size>0x4</size>
      </object_component>
      <object_component id="oc-1cc">
         <name>__TI_cinit_table</name>
         <load_address>0xae4</load_address>
         <run_address>0xae4</run_address>
         <size>0x8</size>
      </object_component>
      <object_component id="oc-149">
         <name>.bss:s$1</name>
         <uninitialized>true</uninitialized>
         <run_address>0x20000020</run_address>
         <size>0x10</size>
         <input_file_ref idref="fl-2"/>
      </object_component>
      <object_component id="oc-148">
         <name>.bss</name>
         <uninitialized>true</uninitialized>
         <run_address>0x20000000</run_address>
         <size>0x10</size>
         <input_file_ref idref="fl-2"/>
      </object_component>
      <object_component id="oc-14a">
         <name>.bss:array$4</name>
         <uninitialized>true</uninitialized>
         <run_address>0x20000010</run_address>
         <size>0x10</size>
         <input_file_ref idref="fl-2"/>
      </object_component>
      <object_component id="oc-144">
         <name>.common:LCD_RS</name>
         <uninitialized>true</uninitialized>
         <run_address>0x20000041</run_address>
         <size>0x1</size>
      </object_component>
      <object_component id="oc-147">
         <name>.common:LCD_E</name>
         <uninitialized>true</uninitialized>
         <run_address>0x20000040</run_address>
         <size>0x1</size>
      </object_component>
      <object_component id="oc-7f">
         <name>.common:mailbox</name>
         <uninitialized>true</uninitialized>
         <run_address>0x20000038</run_address>
         <size>0x4</size>
      </object_component>
      <object_component id="oc-82">
         <name>.common:ADCvalue</name>
         <uninitialized>true</uninitialized>
         <run_address>0x20000030</run_address>
         <size>0x4</size>
      </object_component>
      <object_component id="oc-7e">
         <name>.common:Counts</name>
         <uninitialized>true</uninitialized>
         <run_address>0x20000034</run_address>
         <size>0x4</size>
      </object_component>
      <object_component id="oc-7b">
         <name>.common:wait_per</name>
         <uninitialized>true</uninitialized>
         <run_address>0x2000003c</run_address>
         <size>0x4</size>
      </object_component>
      <object_component id="oc-25">
         <name>.stack</name>
         <uninitialized>true</uninitialized>
         <run_address>0x2000fe00</run_address>
         <size>0x4</size>
         <input_file_ref idref="fl-c6"/>
      </object_component>
      <object_component id="oc-1cf">
         <name>.stack</name>
         <uninitialized>true</uninitialized>
         <run_address>0x2000fe00</run_address>
         <size>0x0</size>
      </object_component>
      <object_component id="oc-d7">
         <name>.debug_info</name>
         <load_address>0x0</load_address>
         <run_address>0x0</run_address>
         <size>0x528</size>
         <input_file_ref idref="fl-1"/>
      </object_component>
      <object_component id="oc-76">
         <name>.debug_info</name>
         <load_address>0x528</load_address>
         <run_address>0x528</run_address>
         <size>0x15c</size>
         <input_file_ref idref="fl-1"/>
      </object_component>
      <object_component id="oc-c6">
         <name>.debug_info</name>
         <load_address>0x684</load_address>
         <run_address>0x684</run_address>
         <size>0x37e2</size>
         <input_file_ref idref="fl-1"/>
      </object_component>
      <object_component id="oc-8b">
         <name>.debug_info</name>
         <load_address>0x3e66</load_address>
         <run_address>0x3e66</run_address>
         <size>0x26b</size>
         <input_file_ref idref="fl-1"/>
      </object_component>
      <object_component id="oc-cb">
         <name>.debug_info</name>
         <load_address>0x40d1</load_address>
         <run_address>0x40d1</run_address>
         <size>0x1055</size>
         <input_file_ref idref="fl-1"/>
      </object_component>
      <object_component id="oc-3d">
         <name>.debug_info</name>
         <load_address>0x5126</load_address>
         <run_address>0x5126</run_address>
         <size>0x84</size>
         <input_file_ref idref="fl-1"/>
      </object_component>
      <object_component id="oc-d2">
         <name>.debug_info</name>
         <load_address>0x51aa</load_address>
         <run_address>0x51aa</run_address>
         <size>0x2a4</size>
         <input_file_ref idref="fl-1"/>
      </object_component>
      <object_component id="oc-84">
         <name>.debug_info</name>
         <load_address>0x544e</load_address>
         <run_address>0x544e</run_address>
         <size>0xbb</size>
         <input_file_ref idref="fl-1"/>
      </object_component>
      <object_component id="oc-145">
         <name>.debug_info</name>
         <load_address>0x5509</load_address>
         <run_address>0x5509</run_address>
         <size>0x5ea</size>
         <input_file_ref idref="fl-2"/>
      </object_component>
      <object_component id="oc-e9">
         <name>.debug_info</name>
         <load_address>0x5af3</load_address>
         <run_address>0x5af3</run_address>
         <size>0x950</size>
         <input_file_ref idref="fl-2"/>
      </object_component>
      <object_component id="oc-7c">
         <name>.debug_info</name>
         <load_address>0x6443</load_address>
         <run_address>0x6443</run_address>
         <size>0x66c</size>
         <input_file_ref idref="fl-3"/>
      </object_component>
      <object_component id="oc-2f">
         <name>.debug_info</name>
         <load_address>0x6aaf</load_address>
         <run_address>0x6aaf</run_address>
         <size>0x278</size>
         <input_file_ref idref="fl-3"/>
      </object_component>
      <object_component id="oc-fe">
         <name>.debug_info</name>
         <load_address>0x6d27</load_address>
         <run_address>0x6d27</run_address>
         <size>0x1d1</size>
         <input_file_ref idref="fl-4"/>
      </object_component>
      <object_component id="oc-80">
         <name>.debug_info</name>
         <load_address>0x6ef8</load_address>
         <run_address>0x6ef8</run_address>
         <size>0x3ca</size>
         <input_file_ref idref="fl-5"/>
      </object_component>
      <object_component id="oc-b2">
         <name>.debug_info</name>
         <load_address>0x72c2</load_address>
         <run_address>0x72c2</run_address>
         <size>0x208</size>
         <input_file_ref idref="fl-5"/>
      </object_component>
      <object_component id="oc-36">
         <name>.debug_info</name>
         <load_address>0x74ca</load_address>
         <run_address>0x74ca</run_address>
         <size>0x2a7</size>
         <input_file_ref idref="fl-6"/>
      </object_component>
      <object_component id="oc-14">
         <name>.debug_info</name>
         <load_address>0x7771</load_address>
         <run_address>0x7771</run_address>
         <size>0xee</size>
         <input_file_ref idref="fl-6"/>
      </object_component>
      <object_component id="oc-29">
         <name>.debug_info</name>
         <load_address>0x785f</load_address>
         <run_address>0x785f</run_address>
         <size>0x169a</size>
         <input_file_ref idref="fl-6"/>
      </object_component>
      <object_component id="oc-f6">
         <name>.debug_info</name>
         <load_address>0x8ef9</load_address>
         <run_address>0x8ef9</run_address>
         <size>0x13a</size>
         <input_file_ref idref="fl-c0"/>
      </object_component>
      <object_component id="oc-f9">
         <name>.debug_info</name>
         <load_address>0x9033</load_address>
         <run_address>0x9033</run_address>
         <size>0x139</size>
         <input_file_ref idref="fl-c1"/>
      </object_component>
      <object_component id="oc-f1">
         <name>.debug_info</name>
         <load_address>0x916c</load_address>
         <run_address>0x916c</run_address>
         <size>0x12e</size>
         <input_file_ref idref="fl-c2"/>
      </object_component>
      <object_component id="oc-a4">
         <name>.debug_info</name>
         <load_address>0x929a</load_address>
         <run_address>0x929a</run_address>
         <size>0x2d4</size>
         <input_file_ref idref="fl-c3"/>
      </object_component>
      <object_component id="oc-52">
         <name>.debug_info</name>
         <load_address>0x956e</load_address>
         <run_address>0x956e</run_address>
         <size>0x1d2</size>
         <input_file_ref idref="fl-c3"/>
      </object_component>
      <object_component id="oc-9f">
         <name>.debug_info</name>
         <load_address>0x9740</load_address>
         <run_address>0x9740</run_address>
         <size>0x46</size>
         <input_file_ref idref="fl-c3"/>
      </object_component>
      <object_component id="oc-df">
         <name>.debug_info</name>
         <load_address>0x9786</load_address>
         <run_address>0x9786</run_address>
         <size>0x2c</size>
         <input_file_ref idref="fl-c3"/>
      </object_component>
      <object_component id="oc-26">
         <name>.debug_info</name>
         <load_address>0x97b2</load_address>
         <run_address>0x97b2</run_address>
         <size>0x10b</size>
         <input_file_ref idref="fl-c6"/>
      </object_component>
      <object_component id="oc-61">
         <name>.debug_info</name>
         <load_address>0x98bd</load_address>
         <run_address>0x98bd</run_address>
         <size>0x1a9</size>
         <input_file_ref idref="fl-c6"/>
      </object_component>
      <object_component id="oc-15b">
         <name>.debug_info</name>
         <load_address>0x9a66</load_address>
         <run_address>0x9a66</run_address>
         <size>0x4b3</size>
         <input_file_ref idref="fl-c9"/>
      </object_component>
      <object_component id="oc-111">
         <name>.debug_info</name>
         <load_address>0x9f19</load_address>
         <run_address>0x9f19</run_address>
         <size>0x1a6</size>
         <input_file_ref idref="fl-c9"/>
      </object_component>
      <object_component id="oc-182">
         <name>.debug_info</name>
         <load_address>0xa0bf</load_address>
         <run_address>0xa0bf</run_address>
         <size>0x39</size>
         <input_file_ref idref="fl-c9"/>
      </object_component>
      <object_component id="oc-196">
         <name>.debug_info</name>
         <load_address>0xa0f8</load_address>
         <run_address>0xa0f8</run_address>
         <size>0x39</size>
         <input_file_ref idref="fl-c9"/>
      </object_component>
      <object_component id="oc-187">
         <name>.debug_info</name>
         <load_address>0xa131</load_address>
         <run_address>0xa131</run_address>
         <size>0x39</size>
         <input_file_ref idref="fl-c9"/>
      </object_component>
      <object_component id="oc-18c">
         <name>.debug_info</name>
         <load_address>0xa16a</load_address>
         <run_address>0xa16a</run_address>
         <size>0xcd</size>
         <input_file_ref idref="fl-c9"/>
      </object_component>
      <object_component id="oc-ac">
         <name>.debug_info</name>
         <load_address>0xa237</load_address>
         <run_address>0xa237</run_address>
         <size>0x153</size>
         <input_file_ref idref="fl-ca"/>
      </object_component>
      <object_component id="oc-106">
         <name>.debug_info</name>
         <load_address>0xa38a</load_address>
         <run_address>0xa38a</run_address>
         <size>0x122</size>
         <input_file_ref idref="fl-cc"/>
      </object_component>
      <object_component id="oc-1d0">
         <name>.debug_info</name>
         <load_address>0xa4ac</load_address>
         <run_address>0xa4ac</run_address>
         <size>0x9f</size>
      </object_component>
      <object_component id="oc-143">
         <name>.debug_line</name>
         <load_address>0x0</load_address>
         <run_address>0x0</run_address>
         <size>0x20</size>
         <input_file_ref idref="fl-1"/>
      </object_component>
      <object_component id="oc-79">
         <name>.debug_line</name>
         <load_address>0x20</load_address>
         <run_address>0x20</run_address>
         <size>0x77</size>
         <input_file_ref idref="fl-1"/>
      </object_component>
      <object_component id="oc-c9">
         <name>.debug_line</name>
         <load_address>0x97</load_address>
         <run_address>0x97</run_address>
         <size>0x63</size>
         <input_file_ref idref="fl-1"/>
      </object_component>
      <object_component id="oc-8e">
         <name>.debug_line</name>
         <load_address>0xfa</load_address>
         <run_address>0xfa</run_address>
         <size>0x7a</size>
         <input_file_ref idref="fl-1"/>
      </object_component>
      <object_component id="oc-ce">
         <name>.debug_line</name>
         <load_address>0x174</load_address>
         <run_address>0x174</run_address>
         <size>0x66</size>
         <input_file_ref idref="fl-1"/>
      </object_component>
      <object_component id="oc-40">
         <name>.debug_line</name>
         <load_address>0x1da</load_address>
         <run_address>0x1da</run_address>
         <size>0x20</size>
         <input_file_ref idref="fl-1"/>
      </object_component>
      <object_component id="oc-d5">
         <name>.debug_line</name>
         <load_address>0x1fa</load_address>
         <run_address>0x1fa</run_address>
         <size>0x7e</size>
         <input_file_ref idref="fl-1"/>
      </object_component>
      <object_component id="oc-87">
         <name>.debug_line</name>
         <load_address>0x278</load_address>
         <run_address>0x278</run_address>
         <size>0x7b</size>
         <input_file_ref idref="fl-1"/>
      </object_component>
      <object_component id="oc-171">
         <name>.debug_line</name>
         <load_address>0x2f3</load_address>
         <run_address>0x2f3</run_address>
         <size>0x3c</size>
         <input_file_ref idref="fl-2"/>
      </object_component>
      <object_component id="oc-ec">
         <name>.debug_line</name>
         <load_address>0x32f</load_address>
         <run_address>0x32f</run_address>
         <size>0x254</size>
         <input_file_ref idref="fl-2"/>
      </object_component>
      <object_component id="oc-c5">
         <name>.debug_line</name>
         <load_address>0x583</load_address>
         <run_address>0x583</run_address>
         <size>0x56</size>
         <input_file_ref idref="fl-3"/>
      </object_component>
      <object_component id="oc-32">
         <name>.debug_line</name>
         <load_address>0x5d9</load_address>
         <run_address>0x5d9</run_address>
         <size>0x90</size>
         <input_file_ref idref="fl-3"/>
      </object_component>
      <object_component id="oc-101">
         <name>.debug_line</name>
         <load_address>0x669</load_address>
         <run_address>0x669</run_address>
         <size>0x7c</size>
         <input_file_ref idref="fl-4"/>
      </object_component>
      <object_component id="oc-d1">
         <name>.debug_line</name>
         <load_address>0x6e5</load_address>
         <run_address>0x6e5</run_address>
         <size>0x5e</size>
         <input_file_ref idref="fl-5"/>
      </object_component>
      <object_component id="oc-b5">
         <name>.debug_line</name>
         <load_address>0x743</load_address>
         <run_address>0x743</run_address>
         <size>0x58</size>
         <input_file_ref idref="fl-5"/>
      </object_component>
      <object_component id="oc-8a">
         <name>.debug_line</name>
         <load_address>0x79b</load_address>
         <run_address>0x79b</run_address>
         <size>0x3b</size>
         <input_file_ref idref="fl-6"/>
      </object_component>
      <object_component id="oc-35">
         <name>.debug_line</name>
         <load_address>0x7d6</load_address>
         <run_address>0x7d6</run_address>
         <size>0x3b</size>
         <input_file_ref idref="fl-6"/>
      </object_component>
      <object_component id="oc-2c">
         <name>.debug_line</name>
         <load_address>0x811</load_address>
         <run_address>0x811</run_address>
         <size>0x55a</size>
         <input_file_ref idref="fl-6"/>
      </object_component>
      <object_component id="oc-f5">
         <name>.debug_line</name>
         <load_address>0xd6b</load_address>
         <run_address>0xd6b</run_address>
         <size>0x8e</size>
         <input_file_ref idref="fl-c0"/>
      </object_component>
      <object_component id="oc-fc">
         <name>.debug_line</name>
         <load_address>0xdf9</load_address>
         <run_address>0xdf9</run_address>
         <size>0x59</size>
         <input_file_ref idref="fl-c1"/>
      </object_component>
      <object_component id="oc-f0">
         <name>.debug_line</name>
         <load_address>0xe52</load_address>
         <run_address>0xe52</run_address>
         <size>0x4c</size>
         <input_file_ref idref="fl-c2"/>
      </object_component>
      <object_component id="oc-e5">
         <name>.debug_line</name>
         <load_address>0xe9e</load_address>
         <run_address>0xe9e</run_address>
         <size>0x92</size>
         <input_file_ref idref="fl-c3"/>
      </object_component>
      <object_component id="oc-51">
         <name>.debug_line</name>
         <load_address>0xf30</load_address>
         <run_address>0xf30</run_address>
         <size>0x4c</size>
         <input_file_ref idref="fl-c3"/>
      </object_component>
      <object_component id="oc-a2">
         <name>.debug_line</name>
         <load_address>0xf7c</load_address>
         <run_address>0xf7c</run_address>
         <size>0x34</size>
         <input_file_ref idref="fl-c3"/>
      </object_component>
      <object_component id="oc-e2">
         <name>.debug_line</name>
         <load_address>0xfb0</load_address>
         <run_address>0xfb0</run_address>
         <size>0x92</size>
         <input_file_ref idref="fl-c3"/>
      </object_component>
      <object_component id="oc-73">
         <name>.debug_line</name>
         <load_address>0x1042</load_address>
         <run_address>0x1042</run_address>
         <size>0x33</size>
         <input_file_ref idref="fl-c6"/>
      </object_component>
      <object_component id="oc-65">
         <name>.debug_line</name>
         <load_address>0x1075</load_address>
         <run_address>0x1075</run_address>
         <size>0x45</size>
         <input_file_ref idref="fl-c6"/>
      </object_component>
      <object_component id="oc-181">
         <name>.debug_line</name>
         <load_address>0x10ba</load_address>
         <run_address>0x10ba</run_address>
         <size>0xbf</size>
         <input_file_ref idref="fl-c9"/>
      </object_component>
      <object_component id="oc-114">
         <name>.debug_line</name>
         <load_address>0x1179</load_address>
         <run_address>0x1179</run_address>
         <size>0x6f</size>
         <input_file_ref idref="fl-c9"/>
      </object_component>
      <object_component id="oc-185">
         <name>.debug_line</name>
         <load_address>0x11e8</load_address>
         <run_address>0x11e8</run_address>
         <size>0x2e</size>
         <input_file_ref idref="fl-c9"/>
      </object_component>
      <object_component id="oc-199">
         <name>.debug_line</name>
         <load_address>0x1216</load_address>
         <run_address>0x1216</run_address>
         <size>0x9a</size>
         <input_file_ref idref="fl-c9"/>
      </object_component>
      <object_component id="oc-18a">
         <name>.debug_line</name>
         <load_address>0x12b0</load_address>
         <run_address>0x12b0</run_address>
         <size>0x97</size>
         <input_file_ref idref="fl-c9"/>
      </object_component>
      <object_component id="oc-18f">
         <name>.debug_line</name>
         <load_address>0x1347</load_address>
         <run_address>0x1347</run_address>
         <size>0x93</size>
         <input_file_ref idref="fl-c9"/>
      </object_component>
      <object_component id="oc-af">
         <name>.debug_line</name>
         <load_address>0x13da</load_address>
         <run_address>0x13da</run_address>
         <size>0x40</size>
         <input_file_ref idref="fl-ca"/>
      </object_component>
      <object_component id="oc-105">
         <name>.debug_line</name>
         <load_address>0x141a</load_address>
         <run_address>0x141a</run_address>
         <size>0x3c</size>
         <input_file_ref idref="fl-cc"/>
      </object_component>
      <object_component id="oc-7a">
         <name>.debug_frame</name>
         <load_address>0x0</load_address>
         <run_address>0x0</run_address>
         <size>0x68</size>
         <input_file_ref idref="fl-1"/>
      </object_component>
      <object_component id="oc-ed">
         <name>.debug_frame</name>
         <load_address>0x68</load_address>
         <run_address>0x68</run_address>
         <size>0x17c</size>
         <input_file_ref idref="fl-2"/>
      </object_component>
      <object_component id="oc-33">
         <name>.debug_frame</name>
         <load_address>0x1e4</load_address>
         <run_address>0x1e4</run_address>
         <size>0x88</size>
         <input_file_ref idref="fl-3"/>
      </object_component>
      <object_component id="oc-102">
         <name>.debug_frame</name>
         <load_address>0x26c</load_address>
         <run_address>0x26c</run_address>
         <size>0x74</size>
         <input_file_ref idref="fl-4"/>
      </object_component>
      <object_component id="oc-b6">
         <name>.debug_frame</name>
         <load_address>0x2e0</load_address>
         <run_address>0x2e0</run_address>
         <size>0x58</size>
         <input_file_ref idref="fl-5"/>
      </object_component>
      <object_component id="oc-2d">
         <name>.debug_frame</name>
         <load_address>0x338</load_address>
         <run_address>0x338</run_address>
         <size>0x478</size>
         <input_file_ref idref="fl-6"/>
      </object_component>
      <object_component id="oc-50">
         <name>.debug_frame</name>
         <load_address>0x7b0</load_address>
         <run_address>0x7b0</run_address>
         <size>0x54</size>
         <input_file_ref idref="fl-c3"/>
      </object_component>
      <object_component id="oc-64">
         <name>.debug_frame</name>
         <load_address>0x804</load_address>
         <run_address>0x804</run_address>
         <size>0x50</size>
         <input_file_ref idref="fl-c6"/>
      </object_component>
      <object_component id="oc-115">
         <name>.debug_frame</name>
         <load_address>0x854</load_address>
         <run_address>0x854</run_address>
         <size>0x5c</size>
         <input_file_ref idref="fl-c9"/>
      </object_component>
      <object_component id="oc-b0">
         <name>.debug_frame</name>
         <load_address>0x8b0</load_address>
         <run_address>0x8b0</run_address>
         <size>0x54</size>
         <input_file_ref idref="fl-ca"/>
      </object_component>
      <object_component id="oc-109">
         <name>.debug_frame</name>
         <load_address>0x904</load_address>
         <run_address>0x904</run_address>
         <size>0x54</size>
         <input_file_ref idref="fl-cc"/>
      </object_component>
      <object_component id="oc-142">
         <name>.debug_abbrev</name>
         <load_address>0x0</load_address>
         <run_address>0x0</run_address>
         <size>0x71</size>
         <input_file_ref idref="fl-1"/>
      </object_component>
      <object_component id="oc-c3">
         <name>.debug_abbrev</name>
         <load_address>0x71</load_address>
         <run_address>0x71</run_address>
         <size>0x7f</size>
         <input_file_ref idref="fl-1"/>
      </object_component>
      <object_component id="oc-c8">
         <name>.debug_abbrev</name>
         <load_address>0xf0</load_address>
         <run_address>0xf0</run_address>
         <size>0xbd</size>
         <input_file_ref idref="fl-1"/>
      </object_component>
      <object_component id="oc-8d">
         <name>.debug_abbrev</name>
         <load_address>0x1ad</load_address>
         <run_address>0x1ad</run_address>
         <size>0x69</size>
         <input_file_ref idref="fl-1"/>
      </object_component>
      <object_component id="oc-cd">
         <name>.debug_abbrev</name>
         <load_address>0x216</load_address>
         <run_address>0x216</run_address>
         <size>0x97</size>
         <input_file_ref idref="fl-1"/>
      </object_component>
      <object_component id="oc-3f">
         <name>.debug_abbrev</name>
         <load_address>0x2ad</load_address>
         <run_address>0x2ad</run_address>
         <size>0x1f</size>
         <input_file_ref idref="fl-1"/>
      </object_component>
      <object_component id="oc-d4">
         <name>.debug_abbrev</name>
         <load_address>0x2cc</load_address>
         <run_address>0x2cc</run_address>
         <size>0x5c</size>
         <input_file_ref idref="fl-1"/>
      </object_component>
      <object_component id="oc-86">
         <name>.debug_abbrev</name>
         <load_address>0x328</load_address>
         <run_address>0x328</run_address>
         <size>0x24</size>
         <input_file_ref idref="fl-1"/>
      </object_component>
      <object_component id="oc-170">
         <name>.debug_abbrev</name>
         <load_address>0x34c</load_address>
         <run_address>0x34c</run_address>
         <size>0xba</size>
         <input_file_ref idref="fl-2"/>
      </object_component>
      <object_component id="oc-14b">
         <name>.debug_abbrev</name>
         <load_address>0x406</load_address>
         <run_address>0x406</run_address>
         <size>0xa7</size>
         <input_file_ref idref="fl-2"/>
      </object_component>
      <object_component id="oc-c4">
         <name>.debug_abbrev</name>
         <load_address>0x4ad</load_address>
         <run_address>0x4ad</run_address>
         <size>0xe4</size>
         <input_file_ref idref="fl-3"/>
      </object_component>
      <object_component id="oc-83">
         <name>.debug_abbrev</name>
         <load_address>0x591</load_address>
         <run_address>0x591</run_address>
         <size>0xa9</size>
         <input_file_ref idref="fl-3"/>
      </object_component>
      <object_component id="oc-14f">
         <name>.debug_abbrev</name>
         <load_address>0x63a</load_address>
         <run_address>0x63a</run_address>
         <size>0x7a</size>
         <input_file_ref idref="fl-4"/>
      </object_component>
      <object_component id="oc-d0">
         <name>.debug_abbrev</name>
         <load_address>0x6b4</load_address>
         <run_address>0x6b4</run_address>
         <size>0x8b</size>
         <input_file_ref idref="fl-5"/>
      </object_component>
      <object_component id="oc-103">
         <name>.debug_abbrev</name>
         <load_address>0x73f</load_address>
         <run_address>0x73f</run_address>
         <size>0x6b</size>
         <input_file_ref idref="fl-5"/>
      </object_component>
      <object_component id="oc-89">
         <name>.debug_abbrev</name>
         <load_address>0x7aa</load_address>
         <run_address>0x7aa</run_address>
         <size>0x68</size>
         <input_file_ref idref="fl-6"/>
      </object_component>
      <object_component id="oc-34">
         <name>.debug_abbrev</name>
         <load_address>0x812</load_address>
         <run_address>0x812</run_address>
         <size>0x29</size>
         <input_file_ref idref="fl-6"/>
      </object_component>
      <object_component id="oc-74">
         <name>.debug_abbrev</name>
         <load_address>0x83b</load_address>
         <run_address>0x83b</run_address>
         <size>0xf8</size>
         <input_file_ref idref="fl-6"/>
      </object_component>
      <object_component id="oc-14d">
         <name>.debug_abbrev</name>
         <load_address>0x933</load_address>
         <run_address>0x933</run_address>
         <size>0x3c</size>
         <input_file_ref idref="fl-c0"/>
      </object_component>
      <object_component id="oc-14e">
         <name>.debug_abbrev</name>
         <load_address>0x96f</load_address>
         <run_address>0x96f</run_address>
         <size>0x4a</size>
         <input_file_ref idref="fl-c1"/>
      </object_component>
      <object_component id="oc-14c">
         <name>.debug_abbrev</name>
         <load_address>0x9b9</load_address>
         <run_address>0x9b9</run_address>
         <size>0x3e</size>
         <input_file_ref idref="fl-c2"/>
      </object_component>
      <object_component id="oc-e4">
         <name>.debug_abbrev</name>
         <load_address>0x9f7</load_address>
         <run_address>0x9f7</run_address>
         <size>0x5d</size>
         <input_file_ref idref="fl-c3"/>
      </object_component>
      <object_component id="oc-9e">
         <name>.debug_abbrev</name>
         <load_address>0xa54</load_address>
         <run_address>0xa54</run_address>
         <size>0x6f</size>
         <input_file_ref idref="fl-c3"/>
      </object_component>
      <object_component id="oc-a1">
         <name>.debug_abbrev</name>
         <load_address>0xac3</load_address>
         <run_address>0xac3</run_address>
         <size>0x24</size>
         <input_file_ref idref="fl-c3"/>
      </object_component>
      <object_component id="oc-e1">
         <name>.debug_abbrev</name>
         <load_address>0xae7</load_address>
         <run_address>0xae7</run_address>
         <size>0x24</size>
         <input_file_ref idref="fl-c3"/>
      </object_component>
      <object_component id="oc-72">
         <name>.debug_abbrev</name>
         <load_address>0xb0b</load_address>
         <run_address>0xb0b</run_address>
         <size>0x29</size>
         <input_file_ref idref="fl-c6"/>
      </object_component>
      <object_component id="oc-ba">
         <name>.debug_abbrev</name>
         <load_address>0xb34</load_address>
         <run_address>0xb34</run_address>
         <size>0x55</size>
         <input_file_ref idref="fl-c6"/>
      </object_component>
      <object_component id="oc-180">
         <name>.debug_abbrev</name>
         <load_address>0xb89</load_address>
         <run_address>0xb89</run_address>
         <size>0xc0</size>
         <input_file_ref idref="fl-c9"/>
      </object_component>
      <object_component id="oc-15a">
         <name>.debug_abbrev</name>
         <load_address>0xc49</load_address>
         <run_address>0xc49</run_address>
         <size>0x7e</size>
         <input_file_ref idref="fl-c9"/>
      </object_component>
      <object_component id="oc-184">
         <name>.debug_abbrev</name>
         <load_address>0xcc7</load_address>
         <run_address>0xcc7</run_address>
         <size>0x24</size>
         <input_file_ref idref="fl-c9"/>
      </object_component>
      <object_component id="oc-198">
         <name>.debug_abbrev</name>
         <load_address>0xceb</load_address>
         <run_address>0xceb</run_address>
         <size>0x24</size>
         <input_file_ref idref="fl-c9"/>
      </object_component>
      <object_component id="oc-189">
         <name>.debug_abbrev</name>
         <load_address>0xd0f</load_address>
         <run_address>0xd0f</run_address>
         <size>0x24</size>
         <input_file_ref idref="fl-c9"/>
      </object_component>
      <object_component id="oc-18e">
         <name>.debug_abbrev</name>
         <load_address>0xd33</load_address>
         <run_address>0xd33</run_address>
         <size>0x4b</size>
         <input_file_ref idref="fl-c9"/>
      </object_component>
      <object_component id="oc-e7">
         <name>.debug_abbrev</name>
         <load_address>0xd7e</load_address>
         <run_address>0xd7e</run_address>
         <size>0x55</size>
         <input_file_ref idref="fl-ca"/>
      </object_component>
      <object_component id="oc-150">
         <name>.debug_abbrev</name>
         <load_address>0xdd3</load_address>
         <run_address>0xdd3</run_address>
         <size>0x45</size>
         <input_file_ref idref="fl-cc"/>
      </object_component>
      <object_component id="oc-1d1">
         <name>.debug_abbrev</name>
         <load_address>0xe18</load_address>
         <run_address>0xe18</run_address>
         <size>0xf</size>
      </object_component>
      <object_component id="oc-ca">
         <name>.debug_str</name>
         <load_address>0x0</load_address>
         <run_address>0x0</run_address>
         <size>0x15d4</size>
         <input_file_ref idref="fl-1"/>
      </object_component>
      <object_component id="oc-8f">
         <name>.debug_str</name>
         <load_address>0x15d4</load_address>
         <run_address>0x15d4</run_address>
         <size>0x2bb</size>
         <input_file_ref idref="fl-1"/>
      </object_component>
      <object_component id="oc-cf">
         <name>.debug_str</name>
         <load_address>0x188f</load_address>
         <run_address>0x188f</run_address>
         <size>0x490</size>
         <input_file_ref idref="fl-1"/>
      </object_component>
      <object_component id="oc-41">
         <name>.debug_str</name>
         <load_address>0x1d1f</load_address>
         <run_address>0x1d1f</run_address>
         <size>0xff</size>
         <input_file_ref idref="fl-1"/>
      </object_component>
      <object_component id="oc-d6">
         <name>.debug_str</name>
         <load_address>0x1e1e</load_address>
         <run_address>0x1e1e</run_address>
         <size>0x351</size>
         <input_file_ref idref="fl-1"/>
      </object_component>
      <object_component id="oc-88">
         <name>.debug_str</name>
         <load_address>0x216f</load_address>
         <run_address>0x216f</run_address>
         <size>0x153</size>
         <input_file_ref idref="fl-1"/>
      </object_component>
      <object_component id="oc-a3">
         <name>.debug_str</name>
         <load_address>0x22c2</load_address>
         <run_address>0x22c2</run_address>
         <size>0x105</size>
         <input_file_ref idref="fl-c3"/>
      </object_component>
      <object_component id="oc-e3">
         <name>.debug_str</name>
         <load_address>0x23c7</load_address>
         <run_address>0x23c7</run_address>
         <size>0x140</size>
         <input_file_ref idref="fl-c3"/>
      </object_component>
      <object_component id="oc-186">
         <name>.debug_str</name>
         <load_address>0x2507</load_address>
         <run_address>0x2507</run_address>
         <size>0xed</size>
         <input_file_ref idref="fl-c9"/>
      </object_component>
      <object_component id="oc-19a">
         <name>.debug_str</name>
         <load_address>0x25f4</load_address>
         <run_address>0x25f4</run_address>
         <size>0x157</size>
         <input_file_ref idref="fl-c9"/>
      </object_component>
      <object_component id="oc-18b">
         <name>.debug_str</name>
         <load_address>0x274b</load_address>
         <run_address>0x274b</run_address>
         <size>0x150</size>
         <input_file_ref idref="fl-c9"/>
      </object_component>
      <object_component id="oc-190">
         <name>.debug_str</name>
         <load_address>0x289b</load_address>
         <run_address>0x289b</run_address>
         <size>0x197</size>
         <input_file_ref idref="fl-c9"/>
      </object_component>
      <object_component id="oc-77">
         <name>.debug_aranges</name>
         <load_address>0x0</load_address>
         <run_address>0x0</run_address>
         <size>0x28</size>
         <input_file_ref idref="fl-1"/>
      </object_component>
      <object_component id="oc-ea">
         <name>.debug_aranges</name>
         <load_address>0x28</load_address>
         <run_address>0x28</run_address>
         <size>0x78</size>
         <input_file_ref idref="fl-2"/>
      </object_component>
      <object_component id="oc-30">
         <name>.debug_aranges</name>
         <load_address>0xa0</load_address>
         <run_address>0xa0</run_address>
         <size>0x30</size>
         <input_file_ref idref="fl-3"/>
      </object_component>
      <object_component id="oc-ff">
         <name>.debug_aranges</name>
         <load_address>0xd0</load_address>
         <run_address>0xd0</run_address>
         <size>0x28</size>
         <input_file_ref idref="fl-4"/>
      </object_component>
      <object_component id="oc-b3">
         <name>.debug_aranges</name>
         <load_address>0xf8</load_address>
         <run_address>0xf8</run_address>
         <size>0x20</size>
         <input_file_ref idref="fl-5"/>
      </object_component>
      <object_component id="oc-2a">
         <name>.debug_aranges</name>
         <load_address>0x118</load_address>
         <run_address>0x118</run_address>
         <size>0x1c8</size>
         <input_file_ref idref="fl-6"/>
      </object_component>
      <object_component id="oc-f4">
         <name>.debug_aranges</name>
         <load_address>0x2e0</load_address>
         <run_address>0x2e0</run_address>
         <size>0x20</size>
         <input_file_ref idref="fl-c0"/>
      </object_component>
      <object_component id="oc-fa">
         <name>.debug_aranges</name>
         <load_address>0x300</load_address>
         <run_address>0x300</run_address>
         <size>0x20</size>
         <input_file_ref idref="fl-c1"/>
      </object_component>
      <object_component id="oc-ef">
         <name>.debug_aranges</name>
         <load_address>0x320</load_address>
         <run_address>0x320</run_address>
         <size>0x20</size>
         <input_file_ref idref="fl-c2"/>
      </object_component>
      <object_component id="oc-4f">
         <name>.debug_aranges</name>
         <load_address>0x340</load_address>
         <run_address>0x340</run_address>
         <size>0x20</size>
         <input_file_ref idref="fl-c3"/>
      </object_component>
      <object_component id="oc-63">
         <name>.debug_aranges</name>
         <load_address>0x360</load_address>
         <run_address>0x360</run_address>
         <size>0x20</size>
         <input_file_ref idref="fl-c6"/>
      </object_component>
      <object_component id="oc-112">
         <name>.debug_aranges</name>
         <load_address>0x380</load_address>
         <run_address>0x380</run_address>
         <size>0x20</size>
         <input_file_ref idref="fl-c9"/>
      </object_component>
      <object_component id="oc-ad">
         <name>.debug_aranges</name>
         <load_address>0x3a0</load_address>
         <run_address>0x3a0</run_address>
         <size>0x20</size>
         <input_file_ref idref="fl-ca"/>
      </object_component>
      <object_component id="oc-107">
         <name>.debug_aranges</name>
         <load_address>0x3c0</load_address>
         <run_address>0x3c0</run_address>
         <size>0x20</size>
         <input_file_ref idref="fl-cc"/>
      </object_component>
      <object_component id="oc-78">
         <name>.debug_pubnames</name>
         <load_address>0x0</load_address>
         <run_address>0x0</run_address>
         <size>0x37</size>
         <input_file_ref idref="fl-1"/>
      </object_component>
      <object_component id="oc-146">
         <name>.debug_pubnames</name>
         <load_address>0x37</load_address>
         <run_address>0x37</run_address>
         <size>0x27</size>
         <input_file_ref idref="fl-2"/>
      </object_component>
      <object_component id="oc-eb">
         <name>.debug_pubnames</name>
         <load_address>0x5e</load_address>
         <run_address>0x5e</run_address>
         <size>0xbf</size>
         <input_file_ref idref="fl-2"/>
      </object_component>
      <object_component id="oc-7d">
         <name>.debug_pubnames</name>
         <load_address>0x11d</load_address>
         <run_address>0x11d</run_address>
         <size>0x43</size>
         <input_file_ref idref="fl-3"/>
      </object_component>
      <object_component id="oc-31">
         <name>.debug_pubnames</name>
         <load_address>0x160</load_address>
         <run_address>0x160</run_address>
         <size>0x4b</size>
         <input_file_ref idref="fl-3"/>
      </object_component>
      <object_component id="oc-100">
         <name>.debug_pubnames</name>
         <load_address>0x1ab</load_address>
         <run_address>0x1ab</run_address>
         <size>0x38</size>
         <input_file_ref idref="fl-4"/>
      </object_component>
      <object_component id="oc-81">
         <name>.debug_pubnames</name>
         <load_address>0x1e3</load_address>
         <run_address>0x1e3</run_address>
         <size>0x1e</size>
         <input_file_ref idref="fl-5"/>
      </object_component>
      <object_component id="oc-b4">
         <name>.debug_pubnames</name>
         <load_address>0x201</load_address>
         <run_address>0x201</run_address>
         <size>0x1b</size>
         <input_file_ref idref="fl-5"/>
      </object_component>
      <object_component id="oc-15">
         <name>.debug_pubnames</name>
         <load_address>0x21c</load_address>
         <run_address>0x21c</run_address>
         <size>0x27</size>
         <input_file_ref idref="fl-6"/>
      </object_component>
      <object_component id="oc-2b">
         <name>.debug_pubnames</name>
         <load_address>0x243</load_address>
         <run_address>0x243</run_address>
         <size>0x474</size>
         <input_file_ref idref="fl-6"/>
      </object_component>
      <object_component id="oc-f7">
         <name>.debug_pubnames</name>
         <load_address>0x6b7</load_address>
         <run_address>0x6b7</run_address>
         <size>0x23</size>
         <input_file_ref idref="fl-c0"/>
      </object_component>
      <object_component id="oc-fb">
         <name>.debug_pubnames</name>
         <load_address>0x6da</load_address>
         <run_address>0x6da</run_address>
         <size>0x24</size>
         <input_file_ref idref="fl-c1"/>
      </object_component>
      <object_component id="oc-f2">
         <name>.debug_pubnames</name>
         <load_address>0x6fe</load_address>
         <run_address>0x6fe</run_address>
         <size>0x23</size>
         <input_file_ref idref="fl-c2"/>
      </object_component>
      <object_component id="oc-53">
         <name>.debug_pubnames</name>
         <load_address>0x721</load_address>
         <run_address>0x721</run_address>
         <size>0x2e</size>
         <input_file_ref idref="fl-c3"/>
      </object_component>
      <object_component id="oc-27">
         <name>.debug_pubnames</name>
         <load_address>0x74f</load_address>
         <run_address>0x74f</run_address>
         <size>0x1e</size>
         <input_file_ref idref="fl-c6"/>
      </object_component>
      <object_component id="oc-62">
         <name>.debug_pubnames</name>
         <load_address>0x76d</load_address>
         <run_address>0x76d</run_address>
         <size>0x26</size>
         <input_file_ref idref="fl-c6"/>
      </object_component>
      <object_component id="oc-113">
         <name>.debug_pubnames</name>
         <load_address>0x793</load_address>
         <run_address>0x793</run_address>
         <size>0x35</size>
         <input_file_ref idref="fl-c9"/>
      </object_component>
      <object_component id="oc-ae">
         <name>.debug_pubnames</name>
         <load_address>0x7c8</load_address>
         <run_address>0x7c8</run_address>
         <size>0x27</size>
         <input_file_ref idref="fl-ca"/>
      </object_component>
      <object_component id="oc-108">
         <name>.debug_pubnames</name>
         <load_address>0x7ef</load_address>
         <run_address>0x7ef</run_address>
         <size>0x1c</size>
         <input_file_ref idref="fl-cc"/>
      </object_component>
      <object_component id="oc-c7">
         <name>.debug_pubtypes</name>
         <load_address>0x0</load_address>
         <run_address>0x0</run_address>
         <size>0x2ce</size>
         <input_file_ref idref="fl-1"/>
      </object_component>
      <object_component id="oc-8c">
         <name>.debug_pubtypes</name>
         <load_address>0x2ce</load_address>
         <run_address>0x2ce</run_address>
         <size>0x25c</size>
         <input_file_ref idref="fl-1"/>
      </object_component>
      <object_component id="oc-cc">
         <name>.debug_pubtypes</name>
         <load_address>0x52a</load_address>
         <run_address>0x52a</run_address>
         <size>0xdd</size>
         <input_file_ref idref="fl-1"/>
      </object_component>
      <object_component id="oc-3e">
         <name>.debug_pubtypes</name>
         <load_address>0x607</load_address>
         <run_address>0x607</run_address>
         <size>0xed</size>
         <input_file_ref idref="fl-1"/>
      </object_component>
      <object_component id="oc-d3">
         <name>.debug_pubtypes</name>
         <load_address>0x6f4</load_address>
         <run_address>0x6f4</run_address>
         <size>0x330</size>
         <input_file_ref idref="fl-1"/>
      </object_component>
      <object_component id="oc-85">
         <name>.debug_pubtypes</name>
         <load_address>0xa24</load_address>
         <run_address>0xa24</run_address>
         <size>0xaa</size>
         <input_file_ref idref="fl-1"/>
      </object_component>
      <object_component id="oc-a0">
         <name>.debug_pubtypes</name>
         <load_address>0xace</load_address>
         <run_address>0xace</run_address>
         <size>0x48</size>
         <input_file_ref idref="fl-c3"/>
      </object_component>
      <object_component id="oc-e0">
         <name>.debug_pubtypes</name>
         <load_address>0xb16</load_address>
         <run_address>0xb16</run_address>
         <size>0x1d</size>
         <input_file_ref idref="fl-c3"/>
      </object_component>
      <object_component id="oc-183">
         <name>.debug_pubtypes</name>
         <load_address>0xb33</load_address>
         <run_address>0xb33</run_address>
         <size>0x32</size>
         <input_file_ref idref="fl-c9"/>
      </object_component>
      <object_component id="oc-197">
         <name>.debug_pubtypes</name>
         <load_address>0xb65</load_address>
         <run_address>0xb65</run_address>
         <size>0x30</size>
         <input_file_ref idref="fl-c9"/>
      </object_component>
      <object_component id="oc-188">
         <name>.debug_pubtypes</name>
         <load_address>0xb95</load_address>
         <run_address>0xb95</run_address>
         <size>0x2c</size>
         <input_file_ref idref="fl-c9"/>
      </object_component>
      <object_component id="oc-18d">
         <name>.debug_pubtypes</name>
         <load_address>0xbc1</load_address>
         <run_address>0xbc1</run_address>
         <size>0x50</size>
         <input_file_ref idref="fl-c9"/>
      </object_component>
   </object_component_list>
   <logical_group_list>
      <logical_group id="lg-4" display="no" color="cyan">
         <name>.intvecs</name>
         <load_address>0x0</load_address>
         <run_address>0x0</run_address>
         <size>0x144</size>
         <contents>
            <object_component_ref idref="oc-13"/>
         </contents>
      </logical_group>
      <logical_group id="lg-5" display="no" color="cyan">
         <name>.text</name>
         <load_address>0x144</load_address>
         <run_address>0x144</run_address>
         <size>0x994</size>
         <contents>
            <object_component_ref idref="oc-e8"/>
            <object_component_ref idref="oc-f3"/>
            <object_component_ref idref="oc-75"/>
            <object_component_ref idref="oc-28"/>
            <object_component_ref idref="oc-2e"/>
            <object_component_ref idref="oc-b1"/>
            <object_component_ref idref="oc-fd"/>
            <object_component_ref idref="oc-110"/>
            <object_component_ref idref="oc-f8"/>
            <object_component_ref idref="oc-60"/>
            <object_component_ref idref="oc-ee"/>
            <object_component_ref idref="oc-4e"/>
            <object_component_ref idref="oc-ab"/>
            <object_component_ref idref="oc-104"/>
         </contents>
      </logical_group>
      <logical_group id="lg-6" display="no" color="cyan">
         <name>.const</name>
         <run_address>0x0</run_address>
         <size>0x0</size>
         <contents>
         </contents>
      </logical_group>
      <logical_group id="lg-7" display="no" color="cyan">
         <name>.cinit</name>
         <load_address>0xad8</load_address>
         <run_address>0xad8</run_address>
         <size>0x14</size>
         <contents>
            <object_component_ref idref="oc-1cd"/>
            <object_component_ref idref="oc-1cb"/>
            <object_component_ref idref="oc-1cc"/>
         </contents>
      </logical_group>
      <logical_group id="lg-8" display="no" color="cyan">
         <name>.pinit</name>
         <run_address>0x0</run_address>
         <size>0x0</size>
         <contents>
         </contents>
      </logical_group>
      <logical_group id="lg-9" display="no" color="cyan">
         <name>.flashMailbox</name>
         <run_address>0x0</run_address>
         <size>0x0</size>
         <contents>
         </contents>
      </logical_group>
      <logical_group id="lg-a" display="no" color="cyan">
         <name>.vtable</name>
         <run_address>0x0</run_address>
         <size>0x0</size>
         <contents>
         </contents>
      </logical_group>
      <logical_group id="lg-b" display="no" color="cyan">
         <name>.data</name>
         <run_address>0x0</run_address>
         <size>0x0</size>
         <contents>
         </contents>
      </logical_group>
      <logical_group id="lg-c" display="no" color="cyan">
         <name>.bss</name>
         <run_address>0x20000000</run_address>
         <size>0x42</size>
         <contents>
            <object_component_ref idref="oc-149"/>
            <object_component_ref idref="oc-148"/>
            <object_component_ref idref="oc-14a"/>
            <object_component_ref idref="oc-144"/>
            <object_component_ref idref="oc-147"/>
            <object_component_ref idref="oc-7f"/>
            <object_component_ref idref="oc-82"/>
            <object_component_ref idref="oc-7e"/>
            <object_component_ref idref="oc-7b"/>
         </contents>
      </logical_group>
      <logical_group id="lg-d" display="no" color="cyan">
         <name>.sysmem</name>
         <run_address>0x0</run_address>
         <size>0x0</size>
         <contents>
         </contents>
      </logical_group>
      <logical_group id="lg-e" display="no" color="cyan">
         <name>.stack</name>
         <run_address>0x2000fe00</run_address>
         <size>0x200</size>
         <contents>
            <object_component_ref idref="oc-25"/>
            <object_component_ref idref="oc-1cf"/>
         </contents>
      </logical_group>
      <logical_group id="lg-1a2" display="no" color="cyan">
         <name>.TI.noinit</name>
         <run_address>0x0</run_address>
         <size>0x0</size>
         <contents>
         </contents>
      </logical_group>
      <logical_group id="lg-1a3" display="no" color="cyan">
         <name>.TI.persistent</name>
         <run_address>0x0</run_address>
         <size>0x0</size>
         <contents>
         </contents>
      </logical_group>
      <logical_group id="lg-1a4" display="no" color="cyan">
         <name>__llvm_prf_cnts</name>
         <run_address>0x20000000</run_address>
         <size>0x0</size>
         <contents>
         </contents>
      </logical_group>
      <logical_group id="lg-1b3" display="never" color="cyan">
         <name>.debug_info</name>
         <load_address>0x0</load_address>
         <run_address>0x0</run_address>
         <size>0xa54b</size>
         <contents>
            <object_component_ref idref="oc-d7"/>
            <object_component_ref idref="oc-76"/>
            <object_component_ref idref="oc-c6"/>
            <object_component_ref idref="oc-8b"/>
            <object_component_ref idref="oc-cb"/>
            <object_component_ref idref="oc-3d"/>
            <object_component_ref idref="oc-d2"/>
            <object_component_ref idref="oc-84"/>
            <object_component_ref idref="oc-145"/>
            <object_component_ref idref="oc-e9"/>
            <object_component_ref idref="oc-7c"/>
            <object_component_ref idref="oc-2f"/>
            <object_component_ref idref="oc-fe"/>
            <object_component_ref idref="oc-80"/>
            <object_component_ref idref="oc-b2"/>
            <object_component_ref idref="oc-36"/>
            <object_component_ref idref="oc-14"/>
            <object_component_ref idref="oc-29"/>
            <object_component_ref idref="oc-f6"/>
            <object_component_ref idref="oc-f9"/>
            <object_component_ref idref="oc-f1"/>
            <object_component_ref idref="oc-a4"/>
            <object_component_ref idref="oc-52"/>
            <object_component_ref idref="oc-9f"/>
            <object_component_ref idref="oc-df"/>
            <object_component_ref idref="oc-26"/>
            <object_component_ref idref="oc-61"/>
            <object_component_ref idref="oc-15b"/>
            <object_component_ref idref="oc-111"/>
            <object_component_ref idref="oc-182"/>
            <object_component_ref idref="oc-196"/>
            <object_component_ref idref="oc-187"/>
            <object_component_ref idref="oc-18c"/>
            <object_component_ref idref="oc-ac"/>
            <object_component_ref idref="oc-106"/>
            <object_component_ref idref="oc-1d0"/>
         </contents>
      </logical_group>
      <logical_group id="lg-1b5" display="never" color="cyan">
         <name>.debug_line</name>
         <load_address>0x0</load_address>
         <run_address>0x0</run_address>
         <size>0x1456</size>
         <contents>
            <object_component_ref idref="oc-143"/>
            <object_component_ref idref="oc-79"/>
            <object_component_ref idref="oc-c9"/>
            <object_component_ref idref="oc-8e"/>
            <object_component_ref idref="oc-ce"/>
            <object_component_ref idref="oc-40"/>
            <object_component_ref idref="oc-d5"/>
            <object_component_ref idref="oc-87"/>
            <object_component_ref idref="oc-171"/>
            <object_component_ref idref="oc-ec"/>
            <object_component_ref idref="oc-c5"/>
            <object_component_ref idref="oc-32"/>
            <object_component_ref idref="oc-101"/>
            <object_component_ref idref="oc-d1"/>
            <object_component_ref idref="oc-b5"/>
            <object_component_ref idref="oc-8a"/>
            <object_component_ref idref="oc-35"/>
            <object_component_ref idref="oc-2c"/>
            <object_component_ref idref="oc-f5"/>
            <object_component_ref idref="oc-fc"/>
            <object_component_ref idref="oc-f0"/>
            <object_component_ref idref="oc-e5"/>
            <object_component_ref idref="oc-51"/>
            <object_component_ref idref="oc-a2"/>
            <object_component_ref idref="oc-e2"/>
            <object_component_ref idref="oc-73"/>
            <object_component_ref idref="oc-65"/>
            <object_component_ref idref="oc-181"/>
            <object_component_ref idref="oc-114"/>
            <object_component_ref idref="oc-185"/>
            <object_component_ref idref="oc-199"/>
            <object_component_ref idref="oc-18a"/>
            <object_component_ref idref="oc-18f"/>
            <object_component_ref idref="oc-af"/>
            <object_component_ref idref="oc-105"/>
         </contents>
      </logical_group>
      <logical_group id="lg-1b7" display="never" color="cyan">
         <name>.debug_frame</name>
         <load_address>0x0</load_address>
         <run_address>0x0</run_address>
         <size>0x958</size>
         <contents>
            <object_component_ref idref="oc-7a"/>
            <object_component_ref idref="oc-ed"/>
            <object_component_ref idref="oc-33"/>
            <object_component_ref idref="oc-102"/>
            <object_component_ref idref="oc-b6"/>
            <object_component_ref idref="oc-2d"/>
            <object_component_ref idref="oc-50"/>
            <object_component_ref idref="oc-64"/>
            <object_component_ref idref="oc-115"/>
            <object_component_ref idref="oc-b0"/>
            <object_component_ref idref="oc-109"/>
         </contents>
      </logical_group>
      <logical_group id="lg-1b9" display="never" color="cyan">
         <name>.debug_abbrev</name>
         <load_address>0x0</load_address>
         <run_address>0x0</run_address>
         <size>0xe27</size>
         <contents>
            <object_component_ref idref="oc-142"/>
            <object_component_ref idref="oc-c3"/>
            <object_component_ref idref="oc-c8"/>
            <object_component_ref idref="oc-8d"/>
            <object_component_ref idref="oc-cd"/>
            <object_component_ref idref="oc-3f"/>
            <object_component_ref idref="oc-d4"/>
            <object_component_ref idref="oc-86"/>
            <object_component_ref idref="oc-170"/>
            <object_component_ref idref="oc-14b"/>
            <object_component_ref idref="oc-c4"/>
            <object_component_ref idref="oc-83"/>
            <object_component_ref idref="oc-14f"/>
            <object_component_ref idref="oc-d0"/>
            <object_component_ref idref="oc-103"/>
            <object_component_ref idref="oc-89"/>
            <object_component_ref idref="oc-34"/>
            <object_component_ref idref="oc-74"/>
            <object_component_ref idref="oc-14d"/>
            <object_component_ref idref="oc-14e"/>
            <object_component_ref idref="oc-14c"/>
            <object_component_ref idref="oc-e4"/>
            <object_component_ref idref="oc-9e"/>
            <object_component_ref idref="oc-a1"/>
            <object_component_ref idref="oc-e1"/>
            <object_component_ref idref="oc-72"/>
            <object_component_ref idref="oc-ba"/>
            <object_component_ref idref="oc-180"/>
            <object_component_ref idref="oc-15a"/>
            <object_component_ref idref="oc-184"/>
            <object_component_ref idref="oc-198"/>
            <object_component_ref idref="oc-189"/>
            <object_component_ref idref="oc-18e"/>
            <object_component_ref idref="oc-e7"/>
            <object_component_ref idref="oc-150"/>
            <object_component_ref idref="oc-1d1"/>
         </contents>
      </logical_group>
      <logical_group id="lg-1bb" display="never" color="cyan">
         <name>.debug_str</name>
         <load_address>0x0</load_address>
         <run_address>0x0</run_address>
         <size>0x2a32</size>
         <contents>
            <object_component_ref idref="oc-ca"/>
            <object_component_ref idref="oc-8f"/>
            <object_component_ref idref="oc-cf"/>
            <object_component_ref idref="oc-41"/>
            <object_component_ref idref="oc-d6"/>
            <object_component_ref idref="oc-88"/>
            <object_component_ref idref="oc-a3"/>
            <object_component_ref idref="oc-e3"/>
            <object_component_ref idref="oc-186"/>
            <object_component_ref idref="oc-19a"/>
            <object_component_ref idref="oc-18b"/>
            <object_component_ref idref="oc-190"/>
         </contents>
      </logical_group>
      <logical_group id="lg-1bd" display="never" color="cyan">
         <name>.debug_aranges</name>
         <load_address>0x0</load_address>
         <run_address>0x0</run_address>
         <size>0x3e0</size>
         <contents>
            <object_component_ref idref="oc-77"/>
            <object_component_ref idref="oc-ea"/>
            <object_component_ref idref="oc-30"/>
            <object_component_ref idref="oc-ff"/>
            <object_component_ref idref="oc-b3"/>
            <object_component_ref idref="oc-2a"/>
            <object_component_ref idref="oc-f4"/>
            <object_component_ref idref="oc-fa"/>
            <object_component_ref idref="oc-ef"/>
            <object_component_ref idref="oc-4f"/>
            <object_component_ref idref="oc-63"/>
            <object_component_ref idref="oc-112"/>
            <object_component_ref idref="oc-ad"/>
            <object_component_ref idref="oc-107"/>
         </contents>
      </logical_group>
      <logical_group id="lg-1bf" display="never" color="cyan">
         <name>.debug_pubnames</name>
         <load_address>0x0</load_address>
         <run_address>0x0</run_address>
         <size>0x80b</size>
         <contents>
            <object_component_ref idref="oc-78"/>
            <object_component_ref idref="oc-146"/>
            <object_component_ref idref="oc-eb"/>
            <object_component_ref idref="oc-7d"/>
            <object_component_ref idref="oc-31"/>
            <object_component_ref idref="oc-100"/>
            <object_component_ref idref="oc-81"/>
            <object_component_ref idref="oc-b4"/>
            <object_component_ref idref="oc-15"/>
            <object_component_ref idref="oc-2b"/>
            <object_component_ref idref="oc-f7"/>
            <object_component_ref idref="oc-fb"/>
            <object_component_ref idref="oc-f2"/>
            <object_component_ref idref="oc-53"/>
            <object_component_ref idref="oc-27"/>
            <object_component_ref idref="oc-62"/>
            <object_component_ref idref="oc-113"/>
            <object_component_ref idref="oc-ae"/>
            <object_component_ref idref="oc-108"/>
         </contents>
      </logical_group>
      <logical_group id="lg-1c1" display="never" color="cyan">
         <name>.debug_pubtypes</name>
         <load_address>0x0</load_address>
         <run_address>0x0</run_address>
         <size>0xc11</size>
         <contents>
            <object_component_ref idref="oc-c7"/>
            <object_component_ref idref="oc-8c"/>
            <object_component_ref idref="oc-cc"/>
            <object_component_ref idref="oc-3e"/>
            <object_component_ref idref="oc-d3"/>
            <object_component_ref idref="oc-85"/>
            <object_component_ref idref="oc-a0"/>
            <object_component_ref idref="oc-e0"/>
            <object_component_ref idref="oc-183"/>
            <object_component_ref idref="oc-197"/>
            <object_component_ref idref="oc-188"/>
            <object_component_ref idref="oc-18d"/>
         </contents>
      </logical_group>
      <logical_group id="lg-1ce" display="no" color="cyan">
         <name>Veneer$$CMSE</name>
         <run_address>0x0</run_address>
         <size>0x0</size>
         <contents>
         </contents>
      </logical_group>
      <load_segment id="lg-1d3" display="no" color="cyan">
         <name>SEGMENT_0</name>
         <load_address>0x0</load_address>
         <run_address>0x0</run_address>
         <size>0xaec</size>
         <flags>0x5</flags>
         <contents>
            <logical_group_ref idref="lg-4"/>
            <logical_group_ref idref="lg-5"/>
            <logical_group_ref idref="lg-7"/>
         </contents>
      </load_segment>
      <load_segment id="lg-1d4" display="no" color="cyan">
         <name>SEGMENT_1</name>
         <run_address>0x20000000</run_address>
         <size>0x42</size>
         <flags>0x6</flags>
         <contents>
            <logical_group_ref idref="lg-c"/>
         </contents>
      </load_segment>
      <load_segment id="lg-1d5" display="no" color="cyan">
         <name>SEGMENT_2</name>
         <run_address>0x2000fe00</run_address>
         <size>0x200</size>
         <flags>0x6</flags>
         <contents>
            <logical_group_ref idref="lg-e"/>
         </contents>
      </load_segment>
   </logical_group_list>
   <placement_map>
      <memory_area display="yes" color="green">
         <name>MAIN</name>
         <page_id>0x0</page_id>
         <origin>0x0</origin>
         <length>0x40000</length>
         <used_space>0xaec</used_space>
         <unused_space>0x3f514</unused_space>
         <attributes>RX</attributes>
         <usage_details>
            <allocated_space>
               <start_address>0x0</start_address>
               <size>0x144</size>
               <logical_group_ref idref="lg-4"/>
            </allocated_space>
            <allocated_space>
               <start_address>0x144</start_address>
               <size>0x994</size>
               <logical_group_ref idref="lg-5"/>
            </allocated_space>
            <allocated_space>
               <start_address>0xad8</start_address>
               <size>0x14</size>
               <logical_group_ref idref="lg-7"/>
            </allocated_space>
            <available_space>
               <start_address>0xaec</start_address>
               <size>0x3f514</size>
            </available_space>
         </usage_details>
      </memory_area>
      <memory_area display="yes" color="green">
         <name>INFO</name>
         <page_id>0x0</page_id>
         <origin>0x200000</origin>
         <length>0x4000</length>
         <used_space>0x0</used_space>
         <unused_space>0x4000</unused_space>
         <attributes>RX</attributes>
         <usage_details>
         </usage_details>
      </memory_area>
      <memory_area display="yes" color="green">
         <name>SRAM_CODE</name>
         <page_id>0x0</page_id>
         <origin>0x1000000</origin>
         <length>0x10000</length>
         <used_space>0x0</used_space>
         <unused_space>0x10000</unused_space>
         <attributes>RWX</attributes>
         <usage_details>
         </usage_details>
      </memory_area>
      <memory_area display="yes" color="green">
         <name>SRAM_DATA</name>
         <page_id>0x0</page_id>
         <origin>0x20000000</origin>
         <length>0x10000</length>
         <used_space>0x242</used_space>
         <unused_space>0xfdbe</unused_space>
         <attributes>RW</attributes>
         <usage_details>
            <allocated_space>
               <start_address>0x20000000</start_address>
               <size>0x0</size>
               <logical_group_ref idref="lg-1a4"/>
            </allocated_space>
            <allocated_space>
               <start_address>0x20000000</start_address>
               <size>0x42</size>
               <logical_group_ref idref="lg-c"/>
            </allocated_space>
            <available_space>
               <start_address>0x20000042</start_address>
               <size>0xfdbe</size>
            </available_space>
            <allocated_space>
               <start_address>0x2000fe00</start_address>
               <size>0x200</size>
               <logical_group_ref idref="lg-e"/>
            </allocated_space>
         </usage_details>
      </memory_area>
   </placement_map>
   <cptbl_list>
      <cptbl>
         <name>__TI_cinit_table</name>
         <cprec>
            <name>.bss</name>
            <load_address>0xad8</load_address>
            <load_size>0x8</load_size>
            <run_address>0x20000000</run_address>
            <run_size>0x42</run_size>
            <compression>zero_init</compression>
         </cprec>
      </cptbl>
   </cptbl_list>
   <handler_table>
      <handler_table_name>__TI_handler_table</handler_table_name>
      <handler>
         <index>0x0</index>
         <name>__TI_zero_init</name>
      </handler>
   </handler_table>
   <symbol_table>
      <symbol id="sm-1">
         <name>WDTCTL_SYM</name>
         <value>0x4000480c</value>
      </symbol>
      <symbol id="sm-2">
         <name>__start___llvm_prf_cnts</name>
         <value>0x20000000</value>
      </symbol>
      <symbol id="sm-3">
         <name>__stop___llvm_prf_cnts</name>
         <value>0x20000000</value>
      </symbol>
      <symbol id="sm-4">
         <name>__TI_CINIT_Base</name>
         <value>0xae4</value>
      </symbol>
      <symbol id="sm-5">
         <name>__TI_CINIT_Limit</name>
         <value>0xaec</value>
      </symbol>
      <symbol id="sm-6">
         <name>__TI_Handler_Table_Base</name>
         <value>0xae0</value>
      </symbol>
      <symbol id="sm-7">
         <name>__TI_Handler_Table_Limit</name>
         <value>0xae4</value>
      </symbol>
      <symbol id="sm-8">
         <name>binit</name>
         <value>0xffffffff</value>
      </symbol>
      <symbol id="sm-9">
         <name>__binit__</name>
         <value>0xffffffff</value>
      </symbol>
      <symbol id="sm-a">
         <name>__STACK_SIZE</name>
         <value>0x200</value>
      </symbol>
      <symbol id="sm-b">
         <name>__STACK_END</name>
         <value>0x20010000</value>
      </symbol>
      <symbol id="sm-c">
         <name>__c_args__</name>
         <value>0xffffffff</value>
      </symbol>
      <symbol id="sm-d">
         <name>__TI_pprof_out_hndl</name>
         <value>0xffffffff</value>
      </symbol>
      <symbol id="sm-e">
         <name>__TI_prof_data_start</name>
         <value>0xffffffff</value>
      </symbol>
      <symbol id="sm-f">
         <name>__TI_prof_data_size</name>
         <value>0xffffffff</value>
      </symbol>
      <symbol id="sm-63">
         <name>ADC0_InitSWTriggerCh0</name>
         <value>0x725</value>
         <object_component_ref idref="oc-75"/>
      </symbol>
      <symbol id="sm-64">
         <name>ADC_In</name>
         <value>0x78d</value>
         <object_component_ref idref="oc-75"/>
      </symbol>
      <symbol id="sm-b2">
         <name>LCD_RS</name>
         <value>0x20000041</value>
      </symbol>
      <symbol id="sm-b3">
         <name>LCD_E</name>
         <value>0x20000040</value>
      </symbol>
      <symbol id="sm-b4">
         <name>LCD_OutString</name>
         <value>0x2f7</value>
         <object_component_ref idref="oc-e8"/>
      </symbol>
      <symbol id="sm-b5">
         <name>LCD_OutUDec</name>
         <value>0x325</value>
         <object_component_ref idref="oc-e8"/>
      </symbol>
      <symbol id="sm-b6">
         <name>OutPort6</name>
         <value>0x145</value>
         <object_component_ref idref="oc-e8"/>
      </symbol>
      <symbol id="sm-b7">
         <name>LCD_Init</name>
         <value>0x1cd</value>
         <object_component_ref idref="oc-e8"/>
      </symbol>
      <symbol id="sm-b8">
         <name>LCD_OutCmd</name>
         <value>0x2a9</value>
         <object_component_ref idref="oc-e8"/>
      </symbol>
      <symbol id="sm-b9">
         <name>SendPulse</name>
         <value>0x159</value>
         <object_component_ref idref="oc-e8"/>
      </symbol>
      <symbol id="sm-ba">
         <name>LCD_Clear</name>
         <value>0x1bd</value>
         <object_component_ref idref="oc-e8"/>
      </symbol>
      <symbol id="sm-bb">
         <name>SendCmd</name>
         <value>0x1a1</value>
         <object_component_ref idref="oc-e8"/>
      </symbol>
      <symbol id="sm-bc">
         <name>hextodec</name>
         <value>0x395</value>
         <object_component_ref idref="oc-e8"/>
      </symbol>
      <symbol id="sm-bd">
         <name>SendChar</name>
         <value>0x185</value>
         <object_component_ref idref="oc-e8"/>
      </symbol>
      <symbol id="sm-be">
         <name>LCD_OutUFix</name>
         <value>0x45d</value>
         <object_component_ref idref="oc-e8"/>
      </symbol>
      <symbol id="sm-bf">
         <name>LCD_OutChar</name>
         <value>0x25b</value>
         <object_component_ref idref="oc-e8"/>
      </symbol>
      <symbol id="sm-d8">
         <name>mailbox</name>
         <value>0x20000038</value>
      </symbol>
      <symbol id="sm-d9">
         <name>ADCvalue</name>
         <value>0x20000030</value>
      </symbol>
      <symbol id="sm-da">
         <name>Counts</name>
         <value>0x20000034</value>
      </symbol>
      <symbol id="sm-db">
         <name>wait_per</name>
         <value>0x2000003c</value>
      </symbol>
      <symbol id="sm-dc">
         <name>SysTick_Handler</name>
         <value>0x8c5</value>
         <object_component_ref idref="oc-2e"/>
      </symbol>
      <symbol id="sm-dd">
         <name>SysTick_Mailbox</name>
         <value>0x8d7</value>
         <object_component_ref idref="oc-2e"/>
      </symbol>
      <symbol id="sm-de">
         <name>SysTick_Init</name>
         <value>0x875</value>
         <object_component_ref idref="oc-2e"/>
      </symbol>
      <symbol id="sm-f1">
         <name>Timer32_Wait</name>
         <value>0x975</value>
         <object_component_ref idref="oc-fd"/>
      </symbol>
      <symbol id="sm-f2">
         <name>Timer32_Wait10ms</name>
         <value>0x9a5</value>
         <object_component_ref idref="oc-fd"/>
      </symbol>
      <symbol id="sm-109">
         <name>main</name>
         <value>0x8fd</value>
         <object_component_ref idref="oc-b1"/>
      </symbol>
      <symbol id="sm-189">
         <name>T32_INT2_IRQHandler</name>
         <value>0x831</value>
         <object_component_ref idref="oc-28"/>
      </symbol>
      <symbol id="sm-18a">
         <name>PendSV_Handler</name>
         <value>0x7f9</value>
         <object_component_ref idref="oc-28"/>
      </symbol>
      <symbol id="sm-18b">
         <name>EUSCIA3_IRQHandler</name>
         <value>0x823</value>
         <object_component_ref idref="oc-28"/>
      </symbol>
      <symbol id="sm-18c">
         <name>SVC_Handler</name>
         <value>0x7f5</value>
         <object_component_ref idref="oc-28"/>
      </symbol>
      <symbol id="sm-18d">
         <name>EUSCIB1_IRQHandler</name>
         <value>0x827</value>
         <object_component_ref idref="oc-28"/>
      </symbol>
      <symbol id="sm-18e">
         <name>PORT4_IRQHandler</name>
         <value>0x849</value>
         <object_component_ref idref="oc-28"/>
      </symbol>
      <symbol id="sm-18f">
         <name>AES256_IRQHandler</name>
         <value>0x835</value>
         <object_component_ref idref="oc-28"/>
      </symbol>
      <symbol id="sm-190">
         <name>FPU_IRQHandler</name>
         <value>0x805</value>
         <object_component_ref idref="oc-28"/>
      </symbol>
      <symbol id="sm-191">
         <name>EUSCIB2_IRQHandler</name>
         <value>0x829</value>
         <object_component_ref idref="oc-28"/>
      </symbol>
      <symbol id="sm-192">
         <name>PORT1_IRQHandler</name>
         <value>0x843</value>
         <object_component_ref idref="oc-28"/>
      </symbol>
      <symbol id="sm-193">
         <name>RTC_C_IRQHandler</name>
         <value>0x837</value>
         <object_component_ref idref="oc-28"/>
      </symbol>
      <symbol id="sm-194">
         <name>TA2_0_IRQHandler</name>
         <value>0x815</value>
         <object_component_ref idref="oc-28"/>
      </symbol>
      <symbol id="sm-195">
         <name>TA3_N_IRQHandler</name>
         <value>0x81b</value>
         <object_component_ref idref="oc-28"/>
      </symbol>
      <symbol id="sm-196">
         <name>DMA_INT3_IRQHandler</name>
         <value>0x83b</value>
         <object_component_ref idref="oc-28"/>
      </symbol>
      <symbol id="sm-197">
         <name>PORT2_IRQHandler</name>
         <value>0x845</value>
         <object_component_ref idref="oc-28"/>
      </symbol>
      <symbol id="sm-198">
         <name>StartCritical</name>
         <value>0x85b</value>
         <object_component_ref idref="oc-28"/>
      </symbol>
      <symbol id="sm-199">
         <name>TA0_0_IRQHandler</name>
         <value>0x80d</value>
         <object_component_ref idref="oc-28"/>
      </symbol>
      <symbol id="sm-19a">
         <name>PSS_IRQHandler</name>
         <value>0x7fd</value>
         <object_component_ref idref="oc-28"/>
      </symbol>
      <symbol id="sm-19b">
         <name>TA1_N_IRQHandler</name>
         <value>0x813</value>
         <object_component_ref idref="oc-28"/>
      </symbol>
      <symbol id="sm-19c">
         <name>EUSCIA1_IRQHandler</name>
         <value>0x81f</value>
         <object_component_ref idref="oc-28"/>
      </symbol>
      <symbol id="sm-19d">
         <name>EUSCIA2_IRQHandler</name>
         <value>0x821</value>
         <object_component_ref idref="oc-28"/>
      </symbol>
      <symbol id="sm-19e">
         <name>COMP_E0_IRQHandler</name>
         <value>0x809</value>
         <object_component_ref idref="oc-28"/>
      </symbol>
      <symbol id="sm-19f">
         <name>WDT_A_IRQHandler</name>
         <value>0x803</value>
         <object_component_ref idref="oc-28"/>
      </symbol>
      <symbol id="sm-1a0">
         <name>EUSCIB0_IRQHandler</name>
         <value>0x825</value>
         <object_component_ref idref="oc-28"/>
      </symbol>
      <symbol id="sm-1a1">
         <name>FLCTL_IRQHandler</name>
         <value>0x807</value>
         <object_component_ref idref="oc-28"/>
      </symbol>
      <symbol id="sm-1a2">
         <name>EndCritical</name>
         <value>0x865</value>
         <object_component_ref idref="oc-28"/>
      </symbol>
      <symbol id="sm-1a3">
         <name>DMA_INT1_IRQHandler</name>
         <value>0x83f</value>
         <object_component_ref idref="oc-28"/>
      </symbol>
      <symbol id="sm-1a4">
         <name>PCM_IRQHandler</name>
         <value>0x801</value>
         <object_component_ref idref="oc-28"/>
      </symbol>
      <symbol id="sm-1a5">
         <name>ADC14_IRQHandler</name>
         <value>0x82d</value>
         <object_component_ref idref="oc-28"/>
      </symbol>
      <symbol id="sm-1a6">
         <name>T32_INTC_IRQHandler</name>
         <value>0x833</value>
         <object_component_ref idref="oc-28"/>
      </symbol>
      <symbol id="sm-1a7">
         <name>DMA_INT2_IRQHandler</name>
         <value>0x83d</value>
         <object_component_ref idref="oc-28"/>
      </symbol>
      <symbol id="sm-1a8">
         <name>TA3_0_IRQHandler</name>
         <value>0x819</value>
         <object_component_ref idref="oc-28"/>
      </symbol>
      <symbol id="sm-1a9">
         <name>EUSCIA0_IRQHandler</name>
         <value>0x81d</value>
         <object_component_ref idref="oc-28"/>
      </symbol>
      <symbol id="sm-1aa">
         <name>DMA_ERR_IRQHandler</name>
         <value>0x839</value>
         <object_component_ref idref="oc-28"/>
      </symbol>
      <symbol id="sm-1ab">
         <name>DisableInterrupts</name>
         <value>0x84f</value>
         <object_component_ref idref="oc-28"/>
      </symbol>
      <symbol id="sm-1ac">
         <name>PORT5_IRQHandler</name>
         <value>0x84b</value>
         <object_component_ref idref="oc-28"/>
      </symbol>
      <symbol id="sm-1ad">
         <name>TA1_0_IRQHandler</name>
         <value>0x811</value>
         <object_component_ref idref="oc-28"/>
      </symbol>
      <symbol id="sm-1ae">
         <name>TA2_N_IRQHandler</name>
         <value>0x817</value>
         <object_component_ref idref="oc-28"/>
      </symbol>
      <symbol id="sm-1af">
         <name>COMP_E1_IRQHandler</name>
         <value>0x80b</value>
         <object_component_ref idref="oc-28"/>
      </symbol>
      <symbol id="sm-1b0">
         <name>EUSCIB3_IRQHandler</name>
         <value>0x82b</value>
         <object_component_ref idref="oc-28"/>
      </symbol>
      <symbol id="sm-1b1">
         <name>WaitForInterrupt</name>
         <value>0x86d</value>
         <object_component_ref idref="oc-28"/>
      </symbol>
      <symbol id="sm-1b2">
         <name>interruptVectors</name>
         <value>0x0</value>
         <object_component_ref idref="oc-13"/>
      </symbol>
      <symbol id="sm-1b3">
         <name>EnableInterrupts</name>
         <value>0x855</value>
         <object_component_ref idref="oc-28"/>
      </symbol>
      <symbol id="sm-1b4">
         <name>PORT6_IRQHandler</name>
         <value>0x84d</value>
         <object_component_ref idref="oc-28"/>
      </symbol>
      <symbol id="sm-1b5">
         <name>TA0_N_IRQHandler</name>
         <value>0x80f</value>
         <object_component_ref idref="oc-28"/>
      </symbol>
      <symbol id="sm-1b6">
         <name>T32_INT1_IRQHandler</name>
         <value>0x82f</value>
         <object_component_ref idref="oc-28"/>
      </symbol>
      <symbol id="sm-1b7">
         <name>DebugMon_Handler</name>
         <value>0x7f7</value>
         <object_component_ref idref="oc-28"/>
      </symbol>
      <symbol id="sm-1b8">
         <name>DMA_INT0_IRQHandler</name>
         <value>0x841</value>
         <object_component_ref idref="oc-28"/>
      </symbol>
      <symbol id="sm-1b9">
         <name>PORT3_IRQHandler</name>
         <value>0x847</value>
         <object_component_ref idref="oc-28"/>
      </symbol>
      <symbol id="sm-1ba">
         <name>CS_IRQHandler</name>
         <value>0x7ff</value>
         <object_component_ref idref="oc-28"/>
      </symbol>
      <symbol id="sm-1c5">
         <name>__aeabi_dmul</name>
         <value>0x629</value>
         <object_component_ref idref="oc-f3"/>
      </symbol>
      <symbol id="sm-1cf">
         <name>__aeabi_d2uiz</name>
         <value>0xa1d</value>
         <object_component_ref idref="oc-f8"/>
      </symbol>
      <symbol id="sm-1d9">
         <name>__aeabi_ui2d</name>
         <value>0xa95</value>
         <object_component_ref idref="oc-ee"/>
      </symbol>
      <symbol id="sm-1f2">
         <name>__TI_zero_init_nomemset</name>
         <value>0xab5</value>
         <object_component_ref idref="oc-4e"/>
      </symbol>
      <symbol id="sm-207">
         <name>__stack</name>
         <value>0x2000fe00</value>
         <object_component_ref idref="oc-25"/>
      </symbol>
      <symbol id="sm-208">
         <name>_c_int00_noargs</name>
         <value>0xa61</value>
         <object_component_ref idref="oc-60"/>
      </symbol>
      <symbol id="sm-232">
         <name>__TI_auto_init_nobinit_nopinit</name>
         <value>0x9d9</value>
         <object_component_ref idref="oc-110"/>
      </symbol>
      <symbol id="sm-23c">
         <name>_system_pre_init</name>
         <value>0xad1</value>
         <object_component_ref idref="oc-ab"/>
      </symbol>
      <symbol id="sm-248">
         <name>C$$EXIT</name>
         <value>0xad5</value>
         <object_component_ref idref="oc-104"/>
      </symbol>
      <symbol id="sm-249">
         <name>abort</name>
         <value>0xad5</value>
         <object_component_ref idref="oc-104"/>
      </symbol>
      <symbol id="sm-24c">
         <name>__TI_static_base__</name>
         <value>0x0</value>
      </symbol>
      <symbol id="sm-24e">
         <name>__mpu_init</name>
         <value>0x0</value>
      </symbol>
      <symbol id="sm-24f">
         <name>_system_post_cinit</name>
         <value>0x0</value>
      </symbol>
   </symbol_table>
   <title>Link successful</title>
</link_info>
